{
  "level": [
    {
      "type": "image",
      "key": "mono",
      "url": "assets/images/mono.png",
      "overwrite": false
    },
    {
      "type": "atlas",
      "key": "chara",
      "textureURL": "assets/atlas/chara.png",
      "atlasURL": "assets/atlas/chara.json",
      "format": "TEXTURE_ATLAS_JSON_HASH"
    },
    {
      "type": "spritesheet",
      "key": "e1",
      "url": "assets/images/Ghost1.png",
      "frameWidth": 64,
      "frameHeight": 64,
      "frameMax": -1,
      "margin": 0,
      "spacing": 0
    },
    {
      "type": "spritesheet",
      "key": "e2",
      "url": "assets/images/Ghost2.png",
      "frameWidth": 64,
      "frameHeight": 64,
      "frameMax": -1,
      "margin": 0,
      "spacing": 0
    },
    {
      "type": "spritesheet",
      "key": "e3",
      "url": "assets/images/Ghost3.png",
      "frameWidth": 64,
      "frameHeight": 64,
      "frameMax": -1,
      "margin": 0,
      "spacing": 0
    },
    {
      "type": "spritesheet",
      "key": "pmap1",
      "url": "assets/map/map1.png",
      "frameWidth": 64,
      "frameHeight": 64,
      "frameMax": -1,
      "margin": 0,
      "spacing": 0
    },
    {
      "type": "tilemap",
      "key": "map1",
      "url": "assets/map/map1.json",
      "format": "TILED_JSON"
    },
    {
      "type": "image",
      "key": "bg",
      "url": "assets/images/1479191.jpg",
      "overwrite": false
    },
    {
      "type": "image",
      "key": "bg1",
      "url": "assets/images/bg1.jpg",
      "overwrite": false
    },
    {
      "type": "image",
      "key": "story1",
      "url": "assets/images/story.png",
      "overwrite": false
    },
    {
      "type": "audio",
      "key": "music",
      "urls": ["assets/sound/Town of Salem - Login Music (online-audio-converter.com).ogg"],
      "autoDecode": true
    },
    {
      "type": "spritesheet",
      "key": "Kahang",
      "url": "assets/images/Kahang.png",
      "frameWidth": 540,
      "frameHeight": 384,
      "frameMax": -1,
      "margin": 0,
      "spacing": 0
    },
    {
      "type": "atlas",
      "key": "chara2",
      "textureURL": "assets/atlas/chara2.png",
      "atlasURL": "assets/atlas/chara2.json",
      "format": "TEXTURE_ATLAS_JSON_HASH"
    },
    {
      "type": "spritesheet",
      "key": "water",
      "url": "assets/images/water.png",
      "frameWidth": 32,
      "frameHeight": 32,
      "frameMax": -1,
      "margin": 0,
      "spacing": 0
    }
  ],
  "start": [
    {
      "type": "image",
      "key": "tap-to-start",
      "url": "assets/images/tap-to-start.png",
      "overwrite": false
    },
    {
      "type": "image",
      "key": "bg_menu",
      "url": "assets/images/bg_menu.jpg",
      "overwrite": false
    },
    {
      "type": "image",
      "key": "howto1",
      "url": "assets/images/howto.png",
      "overwrite": false
    },
    {
      "type": "image",
      "key": "start1",
      "url": "assets/images/start.png",
      "overwrite": false
    },
    {
      "type": "image",
      "key": "story1",
      "url": "assets/images/story.png",
      "overwrite": false
    }
  ],
  "preload": [{
    "type": "image",
    "key": "loading",
    "url": "assets/images/loading.png",
    "overwrite": false
  }],
  "story": [
    {
      "type": "image",
      "key": "s1",
      "url": "assets/story/s1.jpg",
      "overwrite": false
    },
    {
      "type": "image",
      "key": "s2",
      "url": "assets/story/s2.jpg",
      "overwrite": false
    },
    {
      "type": "image",
      "key": "s10",
      "url": "assets/story/s10.jpg",
      "overwrite": false
    },
    {
      "type": "image",
      "key": "s11",
      "url": "assets/story/s11.jpg",
      "overwrite": false
    },
    {
      "type": "image",
      "key": "s12",
      "url": "assets/story/s12.jpg",
      "overwrite": false
    },
    {
      "type": "image",
      "key": "s14",
      "url": "assets/story/s14.jpg",
      "overwrite": false
    },
    {
      "type": "image",
      "key": "s3",
      "url": "assets/story/s3.jpg",
      "overwrite": false
    },
    {
      "type": "image",
      "key": "s4",
      "url": "assets/story/s4.jpg",
      "overwrite": false
    },
    {
      "type": "image",
      "key": "s5",
      "url": "assets/story/s5.jpg",
      "overwrite": false
    },
    {
      "type": "image",
      "key": "s6",
      "url": "assets/story/s6.jpg",
      "overwrite": false
    },
    {
      "type": "image",
      "key": "s7",
      "url": "assets/story/s7.jpg",
      "overwrite": false
    },
    {
      "type": "image",
      "key": "s8",
      "url": "assets/story/s8.jpg",
      "overwrite": false
    },
    {
      "type": "image",
      "key": "s9",
      "url": "assets/story/s9.jpg",
      "overwrite": false
    }
  ],
  "howto": [
    {
      "type": "image",
      "key": "h1",
      "url": "assets/howto/h1.jpg",
      "overwrite": false
    },
    {
      "type": "image",
      "key": "h2",
      "url": "assets/howto/h2.jpg",
      "overwrite": false
    },
    {
      "type": "image",
      "key": "h3",
      "url": "assets/howto/h3.jpg",
      "overwrite": false
    },
    {
      "type": "image",
      "key": "h4",
      "url": "assets/howto/h4.jpg",
      "overwrite": false
    },
    {
      "type": "image",
      "key": "h5",
      "url": "assets/howto/h5.jpg",
      "overwrite": false
    },
    {
      "type": "image",
      "key": "h6",
      "url": "assets/howto/h6.jpg",
      "overwrite": false
    },
    {
      "type": "image",
      "key": "h7",
      "url": "assets/howto/h7.jpg",
      "overwrite": false
    }
  ],
  "meta": {
    "generated": "1512042244912",
    "app": "Phaser Editor",
    "url": "http://phasereditor.boniatillo.com",
    "version": "1.0",
    "copyright": "Arian Fornaris (c) 2015,2016"
  }
}