{
  "frames": {
    "attack_001": {
      "trimmed": true,
      "rotated": false,
      "frame": {
        "x": 595,
        "y": 5,
        "w": 195,
        "h": 310
      },
      "spriteSourceSize": {
        "x": 60,
        "y": 5,
        "w": 195,
        "h": 310
      },
      "sourceSize": {
        "w": 320,
        "h": 320
      }
    },
    "attack_002": {
      "trimmed": true,
      "rotated": false,
      "frame": {
        "x": 205,
        "y": 0,
        "w": 195,
        "h": 315
      },
      "spriteSourceSize": {
        "x": 40,
        "y": 0,
        "w": 195,
        "h": 315
      },
      "sourceSize": {
        "w": 320,
        "h": 320
      }
    },
    "attack_003": {
      "trimmed": true,
      "rotated": false,
      "frame": {
        "x": 0,
        "y": 10,
        "w": 205,
        "h": 305
      },
      "spriteSourceSize": {
        "x": 55,
        "y": 10,
        "w": 205,
        "h": 305
      },
      "sourceSize": {
        "w": 320,
        "h": 320
      }
    },
    "idle_001": {
      "trimmed": true,
      "rotated": false,
      "frame": {
        "x": 0,
        "y": 10,
        "w": 205,
        "h": 305
      },
      "spriteSourceSize": {
        "x": 70,
        "y": 10,
        "w": 205,
        "h": 305
      },
      "sourceSize": {
        "w": 320,
        "h": 320
      }
    },
    "jump_003": {
      "trimmed": true,
      "rotated": false,
      "frame": {
        "x": 0,
        "y": 10,
        "w": 205,
        "h": 305
      },
      "spriteSourceSize": {
        "x": 55,
        "y": 10,
        "w": 205,
        "h": 305
      },
      "sourceSize": {
        "w": 320,
        "h": 320
      }
    },
    "walk_002": {
      "trimmed": true,
      "rotated": false,
      "frame": {
        "x": 0,
        "y": 10,
        "w": 205,
        "h": 305
      },
      "spriteSourceSize": {
        "x": 70,
        "y": 10,
        "w": 205,
        "h": 305
      },
      "sourceSize": {
        "w": 320,
        "h": 320
      }
    },
    "idle_002": {
      "trimmed": true,
      "rotated": false,
      "frame": {
        "x": 210,
        "y": 315,
        "w": 195,
        "h": 305
      },
      "spriteSourceSize": {
        "x": 55,
        "y": 5,
        "w": 195,
        "h": 305
      },
      "sourceSize": {
        "w": 320,
        "h": 320
      }
    },
    "idle_003": {
      "trimmed": true,
      "rotated": false,
      "frame": {
        "x": 0,
        "y": 315,
        "w": 210,
        "h": 305
      },
      "spriteSourceSize": {
        "x": 60,
        "y": 5,
        "w": 210,
        "h": 305
      },
      "sourceSize": {
        "w": 320,
        "h": 320
      }
    },
    "idle_004": {
      "trimmed": true,
      "rotated": false,
      "frame": {
        "x": 405,
        "y": 315,
        "w": 195,
        "h": 305
      },
      "spriteSourceSize": {
        "x": 70,
        "y": 10,
        "w": 195,
        "h": 305
      },
      "sourceSize": {
        "w": 320,
        "h": 320
      }
    },
    "jump_001": {
      "trimmed": true,
      "rotated": false,
      "frame": {
        "x": 790,
        "y": 5,
        "w": 195,
        "h": 310
      },
      "spriteSourceSize": {
        "x": 60,
        "y": 5,
        "w": 195,
        "h": 310
      },
      "sourceSize": {
        "w": 320,
        "h": 320
      }
    },
    "jump_002": {
      "trimmed": true,
      "rotated": false,
      "frame": {
        "x": 400,
        "y": 0,
        "w": 195,
        "h": 315
      },
      "spriteSourceSize": {
        "x": 40,
        "y": 0,
        "w": 195,
        "h": 315
      },
      "sourceSize": {
        "w": 320,
        "h": 320
      }
    },
    "walk_001": {
      "trimmed": true,
      "rotated": false,
      "frame": {
        "x": 600,
        "y": 315,
        "w": 195,
        "h": 305
      },
      "spriteSourceSize": {
        "x": 65,
        "y": 5,
        "w": 195,
        "h": 305
      },
      "sourceSize": {
        "w": 320,
        "h": 320
      }
    },
    "walk_003": {
      "trimmed": true,
      "rotated": false,
      "frame": {
        "x": 795,
        "y": 320,
        "w": 195,
        "h": 300
      },
      "spriteSourceSize": {
        "x": 75,
        "y": 0,
        "w": 195,
        "h": 300
      },
      "sourceSize": {
        "w": 320,
        "h": 320
      }
    }
  },
  "meta": {
    "app": "Phaser Editor",
    "version": "1",
    "image": "atlas2.png"
  }
}