{
  "frames": {
    "attack_001": {
      "trimmed": true,
      "rotated": false,
      "frame": {
        "x": 406,
        "y": 7,
        "w": 195,
        "h": 310
      },
      "spriteSourceSize": {
        "x": 60,
        "y": 5,
        "w": 195,
        "h": 310
      },
      "sourceSize": {
        "w": 320,
        "h": 320
      }
    },
    "attack_002": {
      "trimmed": true,
      "rotated": false,
      "frame": {
        "x": 2,
        "y": 2,
        "w": 195,
        "h": 315
      },
      "spriteSourceSize": {
        "x": 40,
        "y": 0,
        "w": 195,
        "h": 315
      },
      "sourceSize": {
        "w": 320,
        "h": 320
      }
    },
    "attack_003": {
      "trimmed": true,
      "rotated": false,
      "frame": {
        "x": 199,
        "y": 12,
        "w": 205,
        "h": 305
      },
      "spriteSourceSize": {
        "x": 55,
        "y": 10,
        "w": 205,
        "h": 305
      },
      "sourceSize": {
        "w": 320,
        "h": 320
      }
    },
    "idle_001": {
      "trimmed": true,
      "rotated": false,
      "frame": {
        "x": 199,
        "y": 12,
        "w": 205,
        "h": 305
      },
      "spriteSourceSize": {
        "x": 70,
        "y": 10,
        "w": 205,
        "h": 305
      },
      "sourceSize": {
        "w": 320,
        "h": 320
      }
    },
    "idle_002": {
      "trimmed": true,
      "rotated": false,
      "frame": {
        "x": 603,
        "y": 12,
        "w": 195,
        "h": 305
      },
      "spriteSourceSize": {
        "x": 55,
        "y": 5,
        "w": 195,
        "h": 305
      },
      "sourceSize": {
        "w": 320,
        "h": 320
      }
    }
  },
  "meta": {
    "app": "Phaser Editor",
    "version": "1",
    "image": "chara3.png"
  }
}